Model,Accuracy,Weighted F1,Macro F1
Logistic Regression,0.70703125,0.6876970630533974,0.5871062658476724
Random Forest,0.671875,0.6235105089688268,0.49125728276778563
