Model,Accuracy,Weighted F1,Macro F1
Logistic Regression,0.703125,0.6934767322480831,0.5796162946784065
Random Forest,0.70703125,0.6664464014255553,0.5215492401510796
